seq,vx,vy,avg,ate,rte
data,0.259680,0.263186,0.261433,3.938662,5.441126
